pc_0,pc_1
-3.0254745,-1.6605889
2.777881,-2.1370778
0.28189695,3.8394234
-3.0254745,-1.6605889
