variable_clean,label,y
Archetype 0,p=3.7e-07,4.551883830471532
Archetype 1,p=4.5e-22,4.734331631012871
Archetype 2,p=1.2e-20,5.523302090255211
