celltype,log10_coreset_size,coreset_size,varexpl
AS,-0.9761945436150223,0.10563442104148948,0.6042898119086986
EC,-0.7670099985546606,0.17099759466766964,0.6315269167474687
MG,-0.7205245440968022,0.19031606776560261,0.6741783069975065
NEU,-1.0924081797596679,0.08083358125709168,0.7815983351139646
OL,-0.9761945436150223,0.10563442104148948,0.6003649367883406
OPC,-0.04648545445785812,0.8984926846968805,0.5457537548099618
