celltype,log10_corset_size,coreset_size,coreset_time,full_time,time_saving
AS,-0.9761945436150223,0.10563442104148948,0.5802880152426408,4.488590812683105,7.7
EC,-0.7670099985546606,0.17099759466766964,0.0758156071976703,0.33077181577682496,4.4
MG,-0.7205245440968022,0.19031606776560261,2.149733962935242,3.6963322162628174,1.7
NEU,-1.0924081797596679,0.08083358125709168,0.3007074486239233,2.02810138463974,6.7
OL,-0.9761945436150223,0.10563442104148948,2.4958630579919645,14.433449733257294,5.8
OPC,-0.04648545445785812,0.8984926846968805,0.6747646287955469,0.7520335793495179,1.1
