archetype,term,coef_logit,OR,p_empirical,alpha_ridge,B_perm,n,q_empirical_BH,reject_q_0p05
0,dist_to_arch_0,-3.1453908297071105,0.043050095502281324,9.999000099990002e-05,0.001,10000,42,9.999000099990002e-05,True
1,dist_to_arch_1,3.8568788522027293,47.31743594500888,9.999000099990002e-05,0.001,10000,42,9.999000099990002e-05,True
2,dist_to_arch_2,-2.5979619535450422,0.07442510557456121,9.999000099990002e-05,0.001,10000,42,9.999000099990002e-05,True
