archetype,term,coef_logit,OR,p_empirical,alpha_ridge,B_perm,n,q_empirical_BH,reject_q_0p05
0,dist_to_arch_0,3.8335340140062213,46.22561187203402,9.999000099990002e-05,0.001,10000,42,0.00014998500149985004,True
1,dist_to_arch_1,-3.1270180435405854,0.043848356384738635,9.999000099990002e-05,0.001,10000,42,0.00014998500149985004,True
2,dist_to_arch_2,-2.5179546005547944,0.08062434720712486,0.00019998000199980003,0.001,10000,42,0.00019998000199980003,True
