archetype,term,coef_logit,OR,p_empirical,alpha_ridge,B_perm,n,q_empirical_BH,reject_q_0p05
0,dist_to_arch_0,-2.4217952933281,0.08876212028778098,9.999000099990002e-05,0.001,10000,42,9.999000099990002e-05,True
1,dist_to_arch_1,3.7804435325187034,43.835479885331665,9.999000099990002e-05,0.001,10000,42,9.999000099990002e-05,True
2,dist_to_arch_2,-3.1290030987501822,0.043761401310330045,9.999000099990002e-05,0.001,10000,42,9.999000099990002e-05,True
