archetype,term,coef_logit,OR,p_empirical,alpha_ridge,B_perm,n,q_empirical_BH,reject_q_0p05
0,dist_to_arch_0,3.933748361645995,51.09815350605903,9.999000099990002e-05,0.001,10000,42,9.999000099990002e-05,True
1,dist_to_arch_1,-2.9056131283104443,0.05471523285666288,9.999000099990002e-05,0.001,10000,42,9.999000099990002e-05,True
2,dist_to_arch_2,-3.1492976629706053,0.04288223407399277,9.999000099990002e-05,0.001,10000,42,9.999000099990002e-05,True
