dist_col,group0,group1,n0,n1,mean0,mean1,diff_mean_0_minus_1,t,p,q,reject_fdr_0p05
dist_to_arch_0,NF,CM,16,26,2.7489540457654282,4.034181573409828,-1.2852275276444,-21.020036903181616,4.6104747183399e-22,1.38314241550197e-21,True
dist_to_arch_1,NF,CM,16,26,5.149692098270743,3.8583931983407385,1.2912988999300041,17.813353531280775,1.469472678879907e-20,2.2042090183198606e-20,True
dist_to_arch_2,NF,CM,16,26,4.149930271249401,3.7970735277056864,0.35285674354371466,6.382669534196885,1.3984389049513434e-07,1.3984389049513434e-07,True
