dist_col,group0,group1,n0,n1,mean0,mean1,diff_mean_0_minus_1,t,p,q,reject_fdr_0p05
dist_to_arch_0,NF,CM,16,26,5.115832595471848,3.833595731640774,1.282236863831074,17.646120518786557,2.1030350059725295e-20,3.154552508958794e-20,True
dist_to_arch_1,NF,CM,16,26,2.6988686902243337,3.9933020146684397,-1.294433324444106,-20.835235412979316,8.725441641153322e-22,2.617632492345997e-21,True
dist_to_arch_2,NF,CM,16,26,4.145611911846961,3.7777549834080557,0.3678569284389055,6.611986284208675,6.596608914542591e-08,6.596608914542591e-08,True
