dist_col,group0,group1,n0,n1,mean0,mean1,diff_mean_0_minus_1,t,p,q,reject_fdr_0p05
dist_to_arch_0,NF,CM,16,26,2.5476437581400315,3.8702737021503784,-1.3226299440103468,-21.132669230241664,4.430465696217741e-22,1.3291397088653223e-21,True
dist_to_arch_1,NF,CM,16,26,4.179582080202675,3.7444172523632555,0.4351648278394191,7.877370848874216,1.1610357650713545e-09,1.1610357650713545e-09,True
dist_to_arch_2,NF,CM,16,26,5.118800197050016,3.860703486521468,1.2580967105285477,17.486249967361157,2.689076503956279e-20,4.033614755934419e-20,True
