dist_col,group0,group1,n0,n1,mean0,mean1,diff_mean_0_minus_1,t,p,q,reject_fdr_0p05
dist_to_arch_0,NF,CM,16,26,5.2958650575670845,3.933181020567997,1.3626840369990876,8.55920049912723,1.0577575171654065e-09,1.0577575171654065e-09,True
dist_to_arch_1,NF,CM,16,26,6.552785156161326,4.118670305988814,2.434114850172512,13.265669263157367,1.4848658502970112e-15,2.9697317005940224e-15,True
dist_to_arch_2,NF,CM,16,26,8.060892628931123,5.61765916130986,2.443233467621263,11.323923682363324,5.4474626986140244e-14,7.263283598152033e-14,True
dist_to_arch_3,NF,CM,16,26,2.7403518289113276,7.002157372070257,-4.261805543158929,-22.424542504212774,2.930455883585591e-19,1.1721823534342365e-18,True
