dist_col,group0,group1,n0,n1,mean0,mean1,diff_mean_0_minus_1,t,p,q,reject_fdr_0p05
dist_to_arch_0,NF,CM,16,26,4.155225611425079,3.818565530822055,0.336660080603024,6.086265309774297,3.655618918338832e-07,3.655618918338832e-07,True
dist_to_arch_1,NF,CM,16,26,2.839836770784888,4.1164957755918845,-1.2766590048069966,-20.977129033438626,4.464572120804646e-22,1.339371636241394e-21,True
dist_to_arch_2,NF,CM,16,26,5.152195716570662,3.869188998115298,1.2830067184553644,17.875936465895432,1.1927835029809774e-20,1.7891752544714663e-20,True
