celltype,log10_corset_size,coreset_size,coreset_time,full_time,time_saving
B,-1.4178063609646754,0.038211460643909456,6.354305286069017,20.84745659828186,3.3
NK,-1.3945636337357463,0.040312187585568225,4.128680794815286,12.710859167575837,3.1
T4,-1.6502336332539664,0.022375171190285943,13.24068809860685,56.72130197286606,4.3
T8,-1.5107772698803918,0.030847695843093572,9.945090616522348,52.014439499378206,5.2
cDC,-0.5578254534942986,0.27680539254003333,2.411197158489964,2.1424206852912904,0.9
cM,-1.0226799980728807,0.09491175455796848,15.91447396643412,64.26443967819213,4.0
ncM,-0.8832236346993061,0.13085079491189117,2.609936652521671,4.301071143150329,1.6
pDC,-0.3951263628917949,0.4025998762942617,0.4580331842998302,0.5296788692474366,1.2
